Tijd1,CapWaarde1,Tijd2,CapWaarde2,Tijd3,ResWaarde1,Tijd4,ResWaarde2,Tijd5,AcceleroX,AcceleroY,AcceleroZ,GyroX,GyroY,GyroZ,Dummy
0,0,7999775,9157,0,0,0,0,0,0,0,0,0,0,0,2000
0,0,7999775,9157,0,0,0,0,0,0,0,0,0,0,0,2000
0,0,7999775,9157,0,0,0,0,0,0,0,0,0,0,0,2000
0,0,7999775,9157,0,0,0,0,0,0,0,0,0,0,0,2000
0,0,7999775,9157,0,0,0,0,0,0,0,0,0,0,0,2000
0,0,7999775,9157,0,0,0,0,0,0,0,0,0,0,0,2000
0,0,7999775,9157,0,0,0,0,0,0,0,0,0,0,0,2000
0,0,7999775,9157,0,0,0,0,0,0,0,0,0,0,0,2000
0,0,7999775,9157,0,0,0,0,0,0,0,0,0,0,0,2000
0,0,7999775,9157,0,0,0,0,0,0,0,0,0,0,0,2000
0,0,8099775,9154,0,0,0,0,0,0,0,0,0,0,0,2000
0,0,8099775,9154,0,0,0,0,0,0,0,0,0,0,0,2000
0,0,8099775,9154,0,0,0,0,0,0,0,0,0,0,0,2000
0,0,9099775,9174,0,0,0,0,0,0,0,0,0,0,0,2000
0,0,9099775,9174,0,0,0,0,0,0,0,0,0,0,0,2000
0,0,9099775,9174,0,0,0,0,0,0,0,0,0,0,0,2000
0,0,9099775,9174,0,0,0,0,0,0,0,0,0,0,0,2000
0,0,9099775,9174,0,0,0,0,0,0,0,0,0,0,0,2000
0,0,9099775,9174,0,0,0,0,0,0,0,0,0,0,0,2000
0,0,9099775,9174,0,0,0,0,0,0,0,0,0,0,0,2000
0,0,9199775,9154,0,0,0,0,0,0,0,0,0,0,0,2000
0,0,9199775,9154,0,0,0,0,0,0,0,0,0,0,0,2000
0,0,9199775,9154,0,0,0,0,0,0,0,0,0,0,0,2000
0,0,9199775,9154,0,0,0,0,0,0,0,0,0,0,0,2000
0,0,9199775,9154,0,0,0,0,0,0,0,0,0,0,0,2000
0,0,9199775,9154,0,0,0,0,0,0,0,0,0,0,0,2000
0,0,9199775,9154,0,0,0,0,0,0,0,0,0,0,0,2000
0,0,9199775,9154,0,0,0,0,0,0,0,0,0,0,0,2000
0,0,9199775,9154,0,0,0,0,0,0,0,0,0,0,0,2000
0,0,9199775,9154,0,0,0,0,0,0,0,0,0,0,0,2000
0,0,9299775,9153,0,0,0,0,0,0,0,0,0,0,0,2000
0,0,10299775,9152,0,0,0,0,0,0,0,0,0,0,0,2000
0,0,10299775,9152,0,0,0,0,0,0,0,0,0,0,0,2000
0,0,10299775,9152,0,0,0,0,0,0,0,0,0,0,0,2000
0,0,10299775,9152,0,0,0,0,0,0,0,0,0,0,0,2000
0,0,10299775,9152,0,0,0,0,0,0,0,0,0,0,0,2000
0,0,10299775,9152,0,0,0,0,0,0,0,0,0,0,0,2000
0,0,10299775,9152,0,0,0,0,0,0,0,0,0,0,0,2000
0,0,10299775,9152,0,0,0,0,0,0,0,0,0,0,0,2000
0,0,10299775,9152,0,0,0,0,0,0,0,0,0,0,0,2000
0,0,11399775,9153,0,0,0,0,0,0,0,0,0,0,0,2000
0,0,11399775,9153,0,0,0,0,0,0,0,0,0,0,0,2000
0,0,11399775,9153,0,0,0,0,0,0,0,0,0,0,0,2000
0,0,11399775,9153,0,0,0,0,0,0,0,0,0,0,0,2000
0,0,11399775,9153,0,0,0,0,0,0,0,0,0,0,0,2000
0,0,11399775,9153,0,0,0,0,0,0,0,0,0,0,0,2000
0,0,11399775,9153,0,0,0,0,0,0,0,0,0,0,0,2000
0,0,11399775,9153,0,0,0,0,0,0,0,0,0,0,0,2000
0,0,11399775,9153,0,0,0,0,0,0,0,0,0,0,0,2000
0,0,11399775,9153,0,0,0,0,0,0,0,0,0,0,0,2000
0,0,11499775,9152,0,0,0,0,0,0,0,0,0,0,0,2000
0,0,11499775,9152,0,0,0,0,0,0,0,0,0,0,0,2000
0,0,11499775,9152,0,0,0,0,0,0,0,0,0,0,0,2000
0,0,11499775,9152,0,0,0,0,0,0,0,0,0,0,0,2000
0,0,11499775,9152,0,0,0,0,0,0,0,0,0,0,0,2000
0,0,11499775,9152,0,0,0,0,0,0,0,0,0,0,0,2000
0,0,11499775,9152,0,0,0,0,0,0,0,0,0,0,0,2000
0,0,12499775,9153,0,0,0,0,0,0,0,0,0,0,0,2000
0,0,12499775,9153,0,0,0,0,0,0,0,0,0,0,0,2000
0,0,12499775,9153,0,0,0,0,0,0,0,0,0,0,0,2000
0,0,12599775,9152,0,0,0,0,0,0,0,0,0,0,0,2000
0,0,12599775,9152,0,0,0,0,0,0,0,0,0,0,0,2000
0,0,12599775,9152,0,0,0,0,0,0,0,0,0,0,0,2000
0,0,12599775,9152,0,0,0,0,0,0,0,0,0,0,0,2000
0,0,12599775,9152,0,0,0,0,0,0,0,0,0,0,0,2000
0,0,12599775,9152,0,0,0,0,0,0,0,0,0,0,0,2000
0,0,12599775,9152,0,0,0,0,0,0,0,0,0,0,0,2000
0,0,12599775,9152,0,0,0,0,0,0,0,0,0,0,0,2000
0,0,12599775,9152,0,0,0,0,0,0,0,0,0,0,0,2000
0,0,12599775,9152,0,0,0,0,0,0,0,0,0,0,0,2000
0,0,12699779,9196,0,0,0,0,0,0,0,0,0,0,0,2000
0,0,12699779,9196,0,0,0,0,0,0,0,0,0,0,0,2000
0,0,12699779,9196,0,0,0,0,0,0,0,0,0,0,0,2000
0,0,13699775,9154,0,0,0,0,0,0,0,0,0,0,0,2000
0,0,13699775,9154,0,0,0,0,0,0,0,0,0,0,0,2000
0,0,13699775,9154,0,0,0,0,0,0,0,0,0,0,0,2000
0,0,13699775,9154,0,0,0,0,0,0,0,0,0,0,0,2000
0,0,13699775,9154,0,0,0,0,0,0,0,0,0,0,0,2000
0,0,13699775,9154,0,0,0,0,0,0,0,0,0,0,0,2000
0,0,13699775,9154,0,0,0,0,0,0,0,0,0,0,0,2000
0,0,13799775,9154,0,0,0,0,0,0,0,0,0,0,0,2000
0,0,13799775,9154,0,0,0,0,0,0,0,0,0,0,0,2000
0,0,13799775,9154,0,0,0,0,0,0,0,0,0,0,0,2000
0,0,14799775,9155,0,0,0,0,0,0,0,0,0,0,0,2000
0,0,14799775,9155,0,0,0,0,0,0,0,0,0,0,0,2000
0,0,14799775,9155,0,0,0,0,0,0,0,0,0,0,0,2000
0,0,14799775,9155,0,0,0,0,0,0,0,0,0,0,0,2000
0,0,14799775,9155,0,0,0,0,0,0,0,0,0,0,0,2000
0,0,14799775,9155,0,0,0,0,0,0,0,0,0,0,0,2000
0,0,14799775,9155,0,0,0,0,0,0,0,0,0,0,0,2000
0,0,14899775,9152,0,0,0,0,0,0,0,0,0,0,0,2000
0,0,14899775,9152,0,0,0,0,0,0,0,0,0,0,0,2000
0,0,14899775,9152,0,0,0,0,0,0,0,0,0,0,0,2000
0,0,14899775,9152,0,0,0,0,0,0,0,0,0,0,0,2000
0,0,14899775,9152,0,0,0,0,0,0,0,0,0,0,0,2000
0,0,14899775,9152,0,0,0,0,0,0,0,0,0,0,0,2000
0,0,14899775,9152,0,0,0,0,0,0,0,0,0,0,0,2000
0,0,14899775,9152,0,0,0,0,0,0,0,0,0,0,0,2000
0,0,14899775,9152,0,0,0,0,0,0,0,0,0,0,0,2000
0,0,14899775,9152,0,0,0,0,0,0,0,0,0,0,0,2000
0,0,14999775,9152,0,0,0,0,0,0,0,0,0,0,0,2000
0,0,14999775,9152,0,0,0,0,0,0,0,0,0,0,0,2000
0,0,14999775,9152,0,0,0,0,0,0,0,0,0,0,0,2000
0,0,14999775,9152,0,0,0,0,0,0,0,0,0,0,0,2000
0,0,14999775,9152,0,0,0,0,0,0,0,0,0,0,0,2000
0,0,14999775,9152,0,0,0,0,0,0,0,0,0,0,0,2000
0,0,14999775,9152,0,0,0,0,0,0,0,0,0,0,0,2000
0,0,14999775,9152,0,0,0,0,0,0,0,0,0,0,0,2000
0,0,14999775,9152,0,0,0,0,0,0,0,0,0,0,0,2000
0,0,14999775,9152,0,0,0,0,0,0,0,0,0,0,0,2000
0,0,15098840,9156,0,0,0,0,0,0,0,0,0,0,0,2000
0,0,15098840,9156,0,0,0,0,0,0,0,0,0,0,0,2000
0,0,15098840,9156,0,0,0,0,0,0,0,0,0,0,0,2000
0,0,15098840,9156,0,0,0,0,0,0,0,0,0,0,0,2000
0,0,15098840,9156,0,0,0,0,0,0,0,0,0,0,0,2000
0,0,15098840,9156,0,0,0,0,0,0,0,0,0,0,0,2000
0,0,15098840,9156,0,0,0,0,0,0,0,0,0,0,0,2000
0,0,15098840,9156,0,0,0,0,0,0,0,0,0,0,0,2000
0,0,15098840,9156,0,0,0,0,0,0,0,0,0,0,0,2000
0,0,15098840,9156,0,0,0,0,0,0,0,0,0,0,0,2000
0,0,15199791,9152,0,0,0,0,0,0,0,0,0,0,0,2000
0,0,15199791,9152,0,0,0,0,0,0,0,0,0,0,0,2000
0,0,16199775,9153,0,0,0,0,0,0,0,0,0,0,0,2000
0,0,16199775,9153,0,0,0,0,0,0,0,0,0,0,0,2000
0,0,16199775,9153,0,0,0,0,0,0,0,0,0,0,0,2000
0,0,16199775,9153,0,0,0,0,0,0,0,0,0,0,0,2000
0,0,16199775,9153,0,0,0,0,0,0,0,0,0,0,0,2000
0,0,16199775,9153,0,0,0,0,0,0,0,0,0,0,0,2000
0,0,16199775,9153,0,0,0,0,0,0,0,0,0,0,0,2000
0,0,16199775,9153,0,0,0,0,0,0,0,0,0,0,0,2000
0,0,16299775,9161,0,0,0,0,0,0,0,0,0,0,0,2000
0,0,16299775,9161,0,0,0,0,0,0,0,0,0,0,0,2000
0,0,16299775,9161,0,0,0,0,0,0,0,0,0,0,0,2000
0,0,16299775,9161,0,0,0,0,0,0,0,0,0,0,0,2000
0,0,16299775,9161,0,0,0,0,0,0,0,0,0,0,0,2000
0,0,16299775,9161,0,0,0,0,0,0,0,0,0,0,0,2000
0,0,16299775,9161,0,0,0,0,0,0,0,0,0,0,0,2000
0,0,16299775,9161,0,0,0,0,0,0,0,0,0,0,0,2000
0,0,16299775,9161,0,0,0,0,0,0,0,0,0,0,0,2000
0,0,17294970,9153,0,0,0,0,0,0,0,0,0,0,0,2000
0,0,17399775,9154,0,0,0,0,0,0,0,0,0,0,0,2000
0,0,17399775,9154,0,0,0,0,0,0,0,0,0,0,0,2000
0,0,17399775,9154,0,0,0,0,0,0,0,0,0,0,0,2000
0,0,17399775,9154,0,0,0,0,0,0,0,0,0,0,0,2000
0,0,17399775,9154,0,0,0,0,0,0,0,0,0,0,0,2000
0,0,17399775,9154,0,0,0,0,0,0,0,0,0,0,0,2000
0,0,17399775,9154,0,0,0,0,0,0,0,0,0,0,0,2000
0,0,17399775,9154,0,0,0,0,0,0,0,0,0,0,0,2000
0,0,17399775,9154,0,0,0,0,0,0,0,0,0,0,0,2000
0,0,17399775,9154,0,0,0,0,0,0,0,0,0,0,0,2000
0,0,17499775,9154,0,0,0,0,0,0,0,0,0,0,0,2000
0,0,17499775,9154,0,0,0,0,0,0,0,0,0,0,0,2000
0,0,17499775,9154,0,0,0,0,0,0,0,0,0,0,0,2000
0,0,17499775,9154,0,0,0,0,0,0,0,0,0,0,0,2000
0,0,17499775,9154,0,0,0,0,0,0,0,0,0,0,0,2000
0,0,17499775,9154,0,0,0,0,0,0,0,0,0,0,0,2000
0,0,17499775,9154,0,0,0,0,0,0,0,0,0,0,0,2000
0,0,17499775,9154,0,0,0,0,0,0,0,0,0,0,0,2000
0,0,17499775,9154,0,0,0,0,0,0,0,0,0,0,0,2000
0,0,17499775,9154,0,0,0,0,0,0,0,0,0,0,0,2000
0,0,17599779,9154,0,0,0,0,0,0,0,0,0,0,0,2000
0,0,17599779,9154,0,0,0,0,0,0,0,0,0,0,0,2000
0,0,17599779,9154,0,0,0,0,0,0,0,0,0,0,0,2000
0,0,18599783,9153,0,0,0,0,0,0,0,0,0,0,0,2000
0,0,18599783,9153,0,0,0,0,0,0,0,0,0,0,0,2000
0,0,18599783,9153,0,0,0,0,0,0,0,0,0,0,0,2000
0,0,18599783,9153,0,0,0,0,0,0,0,0,0,0,0,2000
0,0,18599783,9153,0,0,0,0,0,0,0,0,0,0,0,2000
0,0,18599783,9153,0,0,0,0,0,0,0,0,0,0,0,2000
0,0,18599783,9153,0,0,0,0,0,0,0,0,0,0,0,2000
0,0,18699775,9177,0,0,0,0,0,0,0,0,0,0,0,2000
0,0,18699775,9177,0,0,0,0,0,0,0,0,0,0,0,2000
0,0,18699775,9177,0,0,0,0,0,0,0,0,0,0,0,2000
0,0,18699775,9177,0,0,0,0,0,0,0,0,0,0,0,2000
0,0,18699775,9177,0,0,0,0,0,0,0,0,0,0,0,2000
0,0,18699775,9177,0,0,0,0,0,0,0,0,0,0,0,2000
0,0,18699775,9177,0,0,0,0,0,0,0,0,0,0,0,2000
0,0,18699775,9177,0,0,0,0,0,0,0,0,0,0,0,2000
0,0,18699775,9177,0,0,0,0,0,0,0,0,0,0,0,2000
0,0,18699775,9177,0,0,0,0,0,0,0,0,0,0,0,2000
0,0,18799775,9174,0,0,0,0,0,0,0,0,0,0,0,2000
0,0,18799775,9174,0,0,0,0,0,0,0,0,0,0,0,2000
0,0,18799775,9174,0,0,0,0,0,0,0,0,0,0,0,2000
0,0,18799775,9174,0,0,0,0,0,0,0,0,0,0,0,2000
0,0,18799775,9174,0,0,0,0,0,0,0,0,0,0,0,2000
0,0,19799775,9152,0,0,0,0,0,0,0,0,0,0,0,2000
0,0,19799775,9152,0,0,0,0,0,0,0,0,0,0,0,2000
0,0,19799775,9152,0,0,0,0,0,0,0,0,0,0,0,2000
0,0,19799775,9152,0,0,0,0,0,0,0,0,0,0,0,2000
0,0,19799775,9152,0,0,0,0,0,0,0,0,0,0,0,2000
0,0,19899783,9149,0,0,0,0,0,0,0,0,0,0,0,2000
0,0,19899783,9149,0,0,0,0,0,0,0,0,0,0,0,2000
0,0,19899783,9149,0,0,0,0,0,0,0,0,0,0,0,2000
0,0,19899783,9149,0,0,0,0,0,0,0,0,0,0,0,2000
0,0,19899783,9149,0,0,0,0,0,0,0,0,0,0,0,2000
0,0,19899783,9149,0,0,0,0,0,0,0,0,0,0,0,2000
0,0,19899783,9149,0,0,0,0,0,0,0,0,0,0,0,2000
0,0,19899783,9149,0,0,0,0,0,0,0,0,0,0,0,2000
0,0,20897213,9152,0,0,0,0,0,0,0,0,0,0,0,2000
0,0,20897213,9152,0,0,0,0,0,0,0,0,0,0,0,2000
0,0,19999783,9153,0,0,0,0,0,0,0,0,0,0,0,2000
0,0,19999783,9153,0,0,0,0,0,0,0,0,0,0,0,2000
0,0,19999783,9153,0,0,0,0,0,0,0,0,0,0,0,2000
0,0,19999783,9153,0,0,0,0,0,0,0,0,0,0,0,2000
0,0,19999783,9153,0,0,0,0,0,0,0,0,0,0,0,2000
0,0,19999783,9153,0,0,0,0,0,0,0,0,0,0,0,2000
0,0,20999775,9153,0,0,0,0,0,0,0,0,0,0,0,2000
0,0,20999775,9153,0,0,0,0,0,0,0,0,0,0,0,2000
0,0,20999775,9153,0,0,0,0,0,0,0,0,0,0,0,2000
0,0,20999775,9153,0,0,0,0,0,0,0,0,0,0,0,2000
0,0,21099775,9176,0,0,0,0,0,0,0,0,0,0,0,2000
0,0,21099775,9176,0,0,0,0,0,0,0,0,0,0,0,2000
0,0,21099775,9176,0,0,0,0,0,0,0,0,0,0,0,2000
0,0,21099775,9176,0,0,0,0,0,0,0,0,0,0,0,2000
0,0,21099775,9176,0,0,0,0,0,0,0,0,0,0,0,2000
0,0,21099775,9176,0,0,0,0,0,0,0,0,0,0,0,2000
0,0,21099775,9176,0,0,0,0,0,0,0,0,0,0,0,2000
0,0,21099775,9176,0,0,0,0,0,0,0,0,0,0,0,2000
0,0,21099775,9176,0,0,0,0,0,0,0,0,0,0,0,2000
0,0,21099775,9176,0,0,0,0,0,0,0,0,0,0,0,2000
0,0,21199775,9152,0,0,0,0,0,0,0,0,0,0,0,2000
0,0,21199775,9152,0,0,0,0,0,0,0,0,0,0,0,2000
0,0,21199775,9152,0,0,0,0,0,0,0,0,0,0,0,2000
0,0,21199775,9152,0,0,0,0,0,0,0,0,0,0,0,2000
0,0,21199775,9152,0,0,0,0,0,0,0,0,0,0,0,2000
0,0,21199775,9152,0,0,0,0,0,0,0,0,0,0,0,2000
0,0,21199775,9152,0,0,0,0,0,0,0,0,0,0,0,2000
0,0,21199775,9152,0,0,0,0,0,0,0,0,0,0,0,2000
0,0,21199775,9152,0,0,0,0,0,0,0,0,0,0,0,2000
0,0,22199779,9151,0,0,0,0,0,0,0,0,0,0,0,2000
0,0,22299779,9153,0,0,0,0,0,0,0,0,0,0,0,2000
0,0,22299779,9153,0,0,0,0,0,0,0,0,0,0,0,2000
0,0,22299779,9153,0,0,0,0,0,0,0,0,0,0,0,2000
0,0,22299779,9153,0,0,0,0,0,0,0,0,0,0,0,2000
0,0,22299779,9153,0,0,0,0,0,0,0,0,0,0,0,2000
0,0,22299779,9153,0,0,0,0,0,0,0,0,0,0,0,2000
0,0,22299779,9153,0,0,0,0,0,0,0,0,0,0,0,2000
0,0,22299779,9153,0,0,0,0,0,0,0,0,0,0,0,2000
0,0,22299779,9153,0,0,0,0,0,0,0,0,0,0,0,2000
0,0,22299779,9153,0,0,0,0,0,0,0,0,0,0,0,2000
0,0,22399775,9152,0,0,0,0,0,0,0,0,0,0,0,2000
0,0,22399775,9152,0,0,0,0,0,0,0,0,0,0,0,2000
0,0,22399775,9152,0,0,0,0,0,0,0,0,0,0,0,2000
0,0,22399775,9152,0,0,0,0,0,0,0,0,0,0,0,2000
0,0,22399775,9152,0,0,0,0,0,0,0,0,0,0,0,2000
0,0,22399775,9152,0,0,0,0,0,0,0,0,0,0,0,2000
0,0,22399775,9152,0,0,0,0,0,0,0,0,0,0,0,2000
0,0,22399775,9152,0,0,0,0,0,0,0,0,0,0,0,2000
0,0,22399775,9152,0,0,0,0,0,0,0,0,0,0,0,2000
0,0,22399775,9152,0,0,0,0,0,0,0,0,0,0,0,2000
0,0,23499775,9151,0,0,0,0,0,0,0,0,0,0,0,2000
0,0,23499775,9151,0,0,0,0,0,0,0,0,0,0,0,2000
0,0,23499775,9151,0,0,0,0,0,0,0,0,0,0,0,2000
0,0,23499775,9151,0,0,0,0,0,0,0,0,0,0,0,2000
0,0,23499775,9151,0,0,0,0,0,0,0,0,0,0,0,2000
0,0,23499775,9151,0,0,0,0,0,0,0,0,0,0,0,2000
0,0,23499775,9151,0,0,0,0,0,0,0,0,0,0,0,2000
0,0,23499775,9151,0,0,0,0,0,0,0,0,0,0,0,2000
0,0,23499775,9151,0,0,0,0,0,0,0,0,0,0,0,2000
0,0,23499775,9151,0,0,0,0,0,0,0,0,0,0,0,2000
0,0,23599775,9153,0,0,0,0,0,0,0,0,0,0,0,2000
0,0,23599775,9153,0,0,0,0,0,0,0,0,0,0,0,2000
0,0,23599775,9153,0,0,0,0,0,0,0,0,0,0,0,2000
0,0,23599775,9153,0,0,0,0,0,0,0,0,0,0,0,2000
0,0,23599775,9153,0,0,0,0,0,0,0,0,0,0,0,2000
0,0,23599775,9153,0,0,0,0,0,0,0,0,0,0,0,2000
0,0,23599775,9153,0,0,0,0,0,0,0,0,0,0,0,2000
0,0,23599775,9153,0,0,0,0,0,0,0,0,0,0,0,2000
0,0,23599775,9153,0,0,0,0,0,0,0,0,0,0,0,2000
0,0,23599775,9153,0,0,0,0,0,0,0,0,0,0,0,2000
0,0,24699775,9153,0,0,0,0,0,0,0,0,0,0,0,2000
0,0,24699775,9153,0,0,0,0,0,0,0,0,0,0,0,2000
0,0,24699775,9153,0,0,0,0,0,0,0,0,0,0,0,2000
0,0,24699775,9153,0,0,0,0,0,0,0,0,0,0,0,2000
0,0,24699775,9153,0,0,0,0,0,0,0,0,0,0,0,2000
0,0,24699775,9153,0,0,0,0,0,0,0,0,0,0,0,2000
0,0,24699775,9153,0,0,0,0,0,0,0,0,0,0,0,2000
0,0,24699775,9153,0,0,0,0,0,0,0,0,0,0,0,2000
0,0,24699775,9153,0,0,0,0,0,0,0,0,0,0,0,2000
0,0,24699775,9153,0,0,0,0,0,0,0,0,0,0,0,2000
0,0,24799779,9152,0,0,0,0,0,0,0,0,0,0,0,2000
0,0,24799779,9152,0,0,0,0,0,0,0,0,0,0,0,2000
0,0,24799779,9152,0,0,0,0,0,0,0,0,0,0,0,2000
0,0,24799779,9152,0,0,0,0,0,0,0,0,0,0,0,2000
0,0,24799779,9152,0,0,0,0,0,0,0,0,0,0,0,2000
0,0,24799779,9152,0,0,0,0,0,0,0,0,0,0,0,2000
0,0,24799779,9152,0,0,0,0,0,0,0,0,0,0,0,2000
0,0,24799779,9152,0,0,0,0,0,0,0,0,0,0,0,2000
0,0,24799779,9152,0,0,0,0,0,0,0,0,0,0,0,2000
0,0,24799779,9152,0,0,0,0,0,0,0,0,0,0,0,2000
0,0,25899775,9164,0,0,0,0,0,0,0,0,0,0,0,2000
0,0,25899775,9164,0,0,0,0,0,0,0,0,0,0,0,2000
0,0,25899775,9164,0,0,0,0,0,0,0,0,0,0,0,2000
0,0,25899775,9164,0,0,0,0,0,0,0,0,0,0,0,2000
0,0,25899775,9164,0,0,0,0,0,0,0,0,0,0,0,2000
0,0,25899775,9164,0,0,0,0,0,0,0,0,0,0,0,2000
0,0,25899775,9164,0,0,0,0,0,0,0,0,0,0,0,2000
0,0,25899775,9164,0,0,0,0,0,0,0,0,0,0,0,2000
0,0,25899775,9164,0,0,0,0,0,0,0,0,0,0,0,2000
0,0,25899775,9164,0,0,0,0,0,0,0,0,0,0,0,2000
0,0,24999775,9152,0,0,0,0,0,0,0,0,0,0,0,2000
0,0,24999775,9152,0,0,0,0,0,0,0,0,0,0,0,2000
0,0,24999775,9152,0,0,0,0,0,0,0,0,0,0,0,2000
0,0,24999775,9152,0,0,0,0,0,0,0,0,0,0,0,2000
0,0,24999775,9152,0,0,0,0,0,0,0,0,0,0,0,2000
0,0,24999775,9152,0,0,0,0,0,0,0,0,0,0,0,2000
0,0,24999775,9152,0,0,0,0,0,0,0,0,0,0,0,2000
0,0,24999775,9152,0,0,0,0,0,0,0,0,0,0,0,2000
0,0,24999775,9152,0,0,0,0,0,0,0,0,0,0,0,2000
0,0,24999775,9152,0,0,0,0,0,0,0,0,0,0,0,2000
0,0,26099775,9150,0,0,0,0,0,0,0,0,0,0,0,2000
0,0,26099775,9150,0,0,0,0,0,0,0,0,0,0,0,2000
0,0,26099775,9150,0,0,0,0,0,0,0,0,0,0,0,2000
0,0,26099775,9150,0,0,0,0,0,0,0,0,0,0,0,2000
0,0,26099775,9150,0,0,0,0,0,0,0,0,0,0,0,2000
0,0,26099775,9150,0,0,0,0,0,0,0,0,0,0,0,2000
0,0,26099775,9150,0,0,0,0,0,0,0,0,0,0,0,2000
0,0,26099775,9150,0,0,0,0,0,0,0,0,0,0,0,2000
0,0,26099775,9150,0,0,0,0,0,0,0,0,0,0,0,2000
0,0,26099775,9150,0,0,0,0,0,0,0,0,0,0,0,2000
0,0,26199775,9152,0,0,0,0,0,0,0,0,0,0,0,2000
0,0,26199775,9152,0,0,0,0,0,0,0,0,0,0,0,2000
0,0,26199775,9152,0,0,0,0,0,0,0,0,0,0,0,2000
0,0,26199775,9152,0,0,0,0,0,0,0,0,0,0,0,2000
0,0,26199775,9152,0,0,0,0,0,0,0,0,0,0,0,2000
0,0,26199775,9152,0,0,0,0,0,0,0,0,0,0,0,2000
0,0,26199775,9152,0,0,0,0,0,0,0,0,0,0,0,2000
0,0,26199775,9152,0,0,0,0,0,0,0,0,0,0,0,2000
0,0,27199775,9152,0,0,0,0,0,0,0,0,0,0,0,2000
0,0,27199775,9152,0,0,0,0,0,0,0,0,0,0,0,2000
0,0,27299779,9152,0,0,0,0,0,0,0,0,0,0,0,2000
0,0,27299779,9152,0,0,0,0,0,0,0,0,0,0,0,2000
0,0,27299779,9152,0,0,0,0,0,0,0,0,0,0,0,2000
0,0,27299779,9152,0,0,0,0,0,0,0,0,0,0,0,2000
0,0,28299775,9151,0,0,0,0,0,0,0,0,0,0,0,2000
0,0,28299775,9151,0,0,0,0,0,0,0,0,0,0,0,2000
0,0,28299775,9151,0,0,0,0,0,0,0,0,0,0,0,2000
0,0,28299775,9151,0,0,0,0,0,0,0,0,0,0,0,2000
0,0,28299775,9151,0,0,0,0,0,0,0,0,0,0,0,2000
0,0,28299775,9151,0,0,0,0,0,0,0,0,0,0,0,2000
0,0,28399775,9153,0,0,0,0,0,0,0,0,0,0,0,2000
0,0,28399775,9153,0,0,0,0,0,0,0,0,0,0,0,2000
0,0,28399775,9153,0,0,0,0,0,0,0,0,0,0,0,2000
0,0,28399775,9153,0,0,0,0,0,0,0,0,0,0,0,2000
0,0,28399775,9153,0,0,0,0,0,0,0,0,0,0,0,2000
0,0,28399775,9153,0,0,0,0,0,0,0,0,0,0,0,2000
0,0,28399775,9153,0,0,0,0,0,0,0,0,0,0,0,2000
0,0,28399775,9153,0,0,0,0,0,0,0,0,0,0,0,2000
0,0,28399775,9153,0,0,0,0,0,0,0,0,0,0,0,2000
0,0,28399775,9153,0,0,0,0,0,0,0,0,0,0,0,2000
0,0,28499780,9154,0,0,0,0,0,0,0,0,0,0,0,2000
0,0,28499780,9154,0,0,0,0,0,0,0,0,0,0,0,2000
0,0,28499780,9154,0,0,0,0,0,0,0,0,0,0,0,2000
0,0,28499780,9154,0,0,0,0,0,0,0,0,0,0,0,2000
0,0,29499775,9153,0,0,0,0,0,0,0,0,0,0,0,2000
0,0,29499775,9153,0,0,0,0,0,0,0,0,0,0,0,2000
0,0,29499775,9153,0,0,0,0,0,0,0,0,0,0,0,2000
0,0,29499775,9153,0,0,0,0,0,0,0,0,0,0,0,2000
0,0,29499775,9153,0,0,0,0,0,0,0,0,0,0,0,2000
0,0,29499775,9153,0,0,0,0,0,0,0,0,0,0,0,2000
0,0,29599775,9153,0,0,0,0,0,0,0,0,0,0,0,2000
0,0,29599775,9153,0,0,0,0,0,0,0,0,0,0,0,2000
0,0,29599775,9153,0,0,0,0,0,0,0,0,0,0,0,2000
0,0,29599775,9153,0,0,0,0,0,0,0,0,0,0,0,2000
0,0,29599775,9153,0,0,0,0,0,0,0,0,0,0,0,2000
0,0,29599775,9153,0,0,0,0,0,0,0,0,0,0,0,2000
0,0,29599775,9153,0,0,0,0,0,0,0,0,0,0,0,2000
0,0,29599775,9153,0,0,0,0,0,0,0,0,0,0,0,2000
0,0,29599775,9153,0,0,0,0,0,0,0,0,0,0,0,2000
0,0,29599775,9153,0,0,0,0,0,0,0,0,0,0,0,2000
0,0,29699775,9152,0,0,0,0,0,0,0,0,0,0,0,2000
0,0,30699783,9181,0,0,0,0,0,0,0,0,0,0,0,2000
0,0,30699783,9181,0,0,0,0,0,0,0,0,0,0,0,2000
0,0,30699783,9181,0,0,0,0,0,0,0,0,0,0,0,2000
0,0,30699783,9181,0,0,0,0,0,0,0,0,0,0,0,2000
0,0,30699783,9181,0,0,0,0,0,0,0,0,0,0,0,2000
0,0,30699783,9181,0,0,0,0,0,0,0,0,0,0,0,2000
0,0,30699783,9181,0,0,0,0,0,0,0,0,0,0,0,2000
0,0,30699783,9181,0,0,0,0,0,0,0,0,0,0,0,2000
0,0,30699783,9181,0,0,0,0,0,0,0,0,0,0,0,2000
0,0,30799775,9156,0,0,0,0,0,0,0,0,0,0,0,2000
0,0,30799775,9156,0,0,0,0,0,0,0,0,0,0,0,2000
0,0,30799775,9156,0,0,0,0,0,0,0,0,0,0,0,2000
0,0,30799775,9156,0,0,0,0,0,0,0,0,0,0,0,2000
0,0,30799775,9156,0,0,0,0,0,0,0,0,0,0,0,2000
0,0,30799775,9156,0,0,0,0,0,0,0,0,0,0,0,2000
0,0,30799775,9156,0,0,0,0,0,0,0,0,0,0,0,2000
0,0,31799775,9152,0,0,0,0,0,0,0,0,0,0,0,2000
0,0,31799775,9152,0,0,0,0,0,0,0,0,0,0,0,2000
0,0,31799775,9152,0,0,0,0,0,0,0,0,0,0,0,2000
0,0,31899775,9152,0,0,0,0,0,0,0,0,0,0,0,2000
0,0,31899775,9152,0,0,0,0,0,0,0,0,0,0,0,2000
0,0,31899775,9152,0,0,0,0,0,0,0,0,0,0,0,2000
0,0,31899775,9152,0,0,0,0,0,0,0,0,0,0,0,2000
0,0,31899775,9152,0,0,0,0,0,0,0,0,0,0,0,2000
0,0,31899775,9152,0,0,0,0,0,0,0,0,0,0,0,2000
0,0,31899775,9152,0,0,0,0,0,0,0,0,0,0,0,2000
0,0,31899775,9152,0,0,0,0,0,0,0,0,0,0,0,2000
0,0,31899775,9152,0,0,0,0,0,0,0,0,0,0,0,2000
0,0,31899775,9152,0,0,0,0,0,0,0,0,0,0,0,2000
0,0,30999775,9151,0,0,0,0,0,0,0,0,0,0,0,2000
0,0,30999775,9151,0,0,0,0,0,0,0,0,0,0,0,2000
0,0,30999775,9151,0,0,0,0,0,0,0,0,0,0,0,2000
0,0,30999775,9151,0,0,0,0,0,0,0,0,0,0,0,2000
0,0,30999775,9151,0,0,0,0,0,0,0,0,0,0,0,2000
0,0,30999775,9151,0,0,0,0,0,0,0,0,0,0,0,2000
0,0,30999775,9151,0,0,0,0,0,0,0,0,0,0,0,2000
0,0,30999775,9151,0,0,0,0,0,0,0,0,0,0,0,2000
0,0,30999775,9151,0,0,0,0,0,0,0,0,0,0,0,2000
0,0,30999775,9151,0,0,0,0,0,0,0,0,0,0,0,2000
0,0,32099775,9150,0,0,0,0,0,0,0,0,0,0,0,2000
0,0,32099775,9150,0,0,0,0,0,0,0,0,0,0,0,2000
0,0,32099775,9150,0,0,0,0,0,0,0,0,0,0,0,2000
0,0,32099775,9150,0,0,0,0,0,0,0,0,0,0,0,2000
0,0,32099775,9150,0,0,0,0,0,0,0,0,0,0,0,2000
0,0,32099775,9150,0,0,0,0,0,0,0,0,0,0,0,2000
0,0,32099775,9150,0,0,0,0,0,0,0,0,0,0,0,2000
0,0,32099775,9150,0,0,0,0,0,0,0,0,0,0,0,2000
0,0,32099775,9150,0,0,0,0,0,0,0,0,0,0,0,2000
0,0,32099775,9150,0,0,0,0,0,0,0,0,0,0,0,2000
0,0,32199779,9154,0,0,0,0,0,0,0,0,0,0,0,2000
0,0,32199779,9154,0,0,0,0,0,0,0,0,0,0,0,2000
0,0,32199779,9154,0,0,0,0,0,0,0,0,0,0,0,2000
0,0,32199779,9154,0,0,0,0,0,0,0,0,0,0,0,2000
0,0,32199779,9154,0,0,0,0,0,0,0,0,0,0,0,2000
0,0,32199779,9154,0,0,0,0,0,0,0,0,0,0,0,2000
0,0,32199779,9154,0,0,0,0,0,0,0,0,0,0,0,2000
0,0,32199779,9154,0,0,0,0,0,0,0,0,0,0,0,2000
0,0,33199779,9152,0,0,0,0,0,0,0,0,0,0,0,2000
0,0,33199779,9152,0,0,0,0,0,0,0,0,0,0,0,2000
0,0,33299775,9151,0,0,0,0,0,0,0,0,0,0,0,2000
0,0,33299775,9151,0,0,0,0,0,0,0,0,0,0,0,2000
0,0,33299775,9151,0,0,0,0,0,0,0,0,0,0,0,2000
0,0,33299775,9151,0,0,0,0,0,0,0,0,0,0,0,2000
0,0,33299775,9151,0,0,0,0,0,0,0,0,0,0,0,2000
0,0,33299775,9151,0,0,0,0,0,0,0,0,0,0,0,2000
0,0,33299775,9151,0,0,0,0,0,0,0,0,0,0,0,2000
0,0,33299775,9151,0,0,0,0,0,0,0,0,0,0,0,2000
0,0,33299775,9151,0,0,0,0,0,0,0,0,0,0,0,2000
0,0,33299775,9151,0,0,0,0,0,0,0,0,0,0,0,2000
0,0,33399783,9152,0,0,0,0,0,0,0,0,0,0,0,2000
0,0,33399783,9152,0,0,0,0,0,0,0,0,0,0,0,2000
0,0,33399783,9152,0,0,0,0,0,0,0,0,0,0,0,2000
0,0,33399783,9152,0,0,0,0,0,0,0,0,0,0,0,2000
0,0,33399783,9152,0,0,0,0,0,0,0,0,0,0,0,2000
0,0,33399783,9152,0,0,0,0,0,0,0,0,0,0,0,2000
0,0,34399779,9152,0,0,0,0,0,0,0,0,0,0,0,2000
0,0,34399779,9152,0,0,0,0,0,0,0,0,0,0,0,2000
0,0,34399779,9152,0,0,0,0,0,0,0,0,0,0,0,2000
0,0,34399779,9152,0,0,0,0,0,0,0,0,0,0,0,2000
0,0,34499775,9151,0,0,0,0,0,0,0,0,0,0,0,2000
0,0,34499775,9151,0,0,0,0,0,0,0,0,0,0,0,2000
0,0,34499775,9151,0,0,0,0,0,0,0,0,0,0,0,2000
0,0,34499775,9151,0,0,0,0,0,0,0,0,0,0,0,2000
0,0,34499775,9151,0,0,0,0,0,0,0,0,0,0,0,2000
0,0,34499775,9151,0,0,0,0,0,0,0,0,0,0,0,2000
0,0,34499775,9151,0,0,0,0,0,0,0,0,0,0,0,2000
0,0,34499775,9151,0,0,0,0,0,0,0,0,0,0,0,2000
0,0,34499775,9151,0,0,0,0,0,0,0,0,0,0,0,2000
0,0,35499775,9151,0,0,0,0,0,0,0,0,0,0,0,2000
0,0,35598935,9153,0,0,0,0,0,0,0,0,0,0,0,2000
0,0,35598935,9153,0,0,0,0,0,0,0,0,0,0,0,2000
0,0,35598935,9153,0,0,0,0,0,0,0,0,0,0,0,2000
0,0,35598935,9153,0,0,0,0,0,0,0,0,0,0,0,2000
0,0,35598935,9153,0,0,0,0,0,0,0,0,0,0,0,2000
0,0,35598935,9153,0,0,0,0,0,0,0,0,0,0,0,2000
0,0,35598935,9153,0,0,0,0,0,0,0,0,0,0,0,2000
0,0,35598935,9153,0,0,0,0,0,0,0,0,0,0,0,2000
0,0,35598935,9153,0,0,0,0,0,0,0,0,0,0,0,2000
0,0,35598935,9153,0,0,0,0,0,0,0,0,0,0,0,2000
0,0,35699779,9149,0,0,0,0,0,0,0,0,0,0,0,2000
0,0,35699779,9149,0,0,0,0,0,0,0,0,0,0,0,2000
0,0,35699779,9149,0,0,0,0,0,0,0,0,0,0,0,2000
0,0,35699779,9149,0,0,0,0,0,0,0,0,0,0,0,2000
0,0,35699779,9149,0,0,0,0,0,0,0,0,0,0,0,2000
0,0,35699779,9149,0,0,0,0,0,0,0,0,0,0,0,2000
0,0,35699779,9149,0,0,0,0,0,0,0,0,0,0,0,2000
0,0,35699779,9149,0,0,0,0,0,0,0,0,0,0,0,2000
0,0,35699779,9149,0,0,0,0,0,0,0,0,0,0,0,2000
0,0,35699779,9149,0,0,0,0,0,0,0,0,0,0,0,2000
0,0,35799775,9152,0,0,0,0,0,0,0,0,0,0,0,2000
0,0,35799775,9152,0,0,0,0,0,0,0,0,0,0,0,2000
0,0,36799783,9152,0,0,0,0,0,0,0,0,0,0,0,2000
0,0,36799783,9152,0,0,0,0,0,0,0,0,0,0,0,2000
0,0,36799783,9152,0,0,0,0,0,0,0,0,0,0,0,2000
0,0,36799783,9152,0,0,0,0,0,0,0,0,0,0,0,2000
0,0,36799783,9152,0,0,0,0,0,0,0,0,0,0,0,2000
0,0,36799783,9152,0,0,0,0,0,0,0,0,0,0,0,2000
0,0,36799783,9152,0,0,0,0,0,0,0,0,0,0,0,2000
0,0,36799783,9152,0,0,0,0,0,0,0,0,0,0,0,2000
0,0,36899775,9151,0,0,0,0,0,0,0,0,0,0,0,2000
0,0,36899775,9151,0,0,0,0,0,0,0,0,0,0,0,2000
0,0,36899775,9151,0,0,0,0,0,0,0,0,0,0,0,2000
0,0,36899775,9151,0,0,0,0,0,0,0,0,0,0,0,2000
0,0,36899775,9151,0,0,0,0,0,0,0,0,0,0,0,2000
0,0,36899775,9151,0,0,0,0,0,0,0,0,0,0,0,2000
0,0,36899775,9151,0,0,0,0,0,0,0,0,0,0,0,2000
0,0,37899775,9151,0,0,0,0,0,0,0,0,0,0,0,2000
0,0,37899775,9151,0,0,0,0,0,0,0,0,0,0,0,2000
0,0,37899775,9151,0,0,0,0,0,0,0,0,0,0,0,2000
0,0,36999775,9152,0,0,0,0,0,0,0,0,0,0,0,2000
0,0,36999775,9152,0,0,0,0,0,0,0,0,0,0,0,2000
0,0,36999775,9152,0,0,0,0,0,0,0,0,0,0,0,2000
0,0,36999775,9152,0,0,0,0,0,0,0,0,0,0,0,2000
0,0,36999775,9152,0,0,0,0,0,0,0,0,0,0,0,2000
0,0,36999775,9152,0,0,0,0,0,0,0,0,0,0,0,2000
0,0,36999775,9152,0,0,0,0,0,0,0,0,0,0,0,2000
0,0,36999775,9152,0,0,0,0,0,0,0,0,0,0,0,2000
0,0,36999775,9152,0,0,0,0,0,0,0,0,0,0,0,2000
0,0,36999775,9152,0,0,0,0,0,0,0,0,0,0,0,2000
0,0,37099775,9180,0,0,0,0,0,0,0,0,0,0,0,2000
0,0,37099775,9180,0,0,0,0,0,0,0,0,0,0,0,2000
0,0,37099775,9180,0,0,0,0,0,0,0,0,0,0,0,2000
0,0,37099775,9180,0,0,0,0,0,0,0,0,0,0,0,2000
0,0,37099775,9180,0,0,0,0,0,0,0,0,0,0,0,2000
0,0,37099775,9180,0,0,0,0,0,0,0,0,0,0,0,2000
0,0,37099775,9180,0,0,0,0,0,0,0,0,0,0,0,2000
0,0,37099775,9180,0,0,0,0,0,0,0,0,0,0,0,2000
0,0,37099775,9180,0,0,0,0,0,0,0,0,0,0,0,2000
0,0,37099775,9180,0,0,0,0,0,0,0,0,0,0,0,2000
0,0,37199775,9150,0,0,0,0,0,0,0,0,0,0,0,2000
0,0,37199775,9150,0,0,0,0,0,0,0,0,0,0,0,2000
0,0,37199775,9150,0,0,0,0,0,0,0,0,0,0,0,2000
0,0,38199783,9149,0,0,0,0,0,0,0,0,0,0,0,2000
0,0,38199783,9149,0,0,0,0,0,0,0,0,0,0,0,2000
0,0,38199783,9149,0,0,0,0,0,0,0,0,0,0,0,2000
0,0,38199783,9149,0,0,0,0,0,0,0,0,0,0,0,2000
0,0,38199783,9149,0,0,0,0,0,0,0,0,0,0,0,2000
0,0,38199783,9149,0,0,0,0,0,0,0,0,0,0,0,2000
0,0,38199783,9149,0,0,0,0,0,0,0,0,0,0,0,2000
0,0,38299139,9151,0,0,0,0,0,0,0,0,0,0,0,2000
0,0,38299139,9151,0,0,0,0,0,0,0,0,0,0,0,2000
0,0,38299139,9151,0,0,0,0,0,0,0,0,0,0,0,2000
0,0,38299139,9151,0,0,0,0,0,0,0,0,0,0,0,2000
0,0,38299139,9151,0,0,0,0,0,0,0,0,0,0,0,2000
0,0,38299139,9151,0,0,0,0,0,0,0,0,0,0,0,2000
0,0,38299139,9151,0,0,0,0,0,0,0,0,0,0,0,2000
0,0,38299139,9151,0,0,0,0,0,0,0,0,0,0,0,2000
0,0,38299139,9151,0,0,0,0,0,0,0,0,0,0,0,2000
0,0,38299139,9151,0,0,0,0,0,0,0,0,0,0,0,2000
0,0,38399775,9151,0,0,0,0,0,0,0,0,0,0,0,2000
0,0,38399775,9151,0,0,0,0,0,0,0,0,0,0,0,2000
0,0,38399775,9151,0,0,0,0,0,0,0,0,0,0,0,2000
0,0,38399775,9151,0,0,0,0,0,0,0,0,0,0,0,2000
0,0,38399775,9151,0,0,0,0,0,0,0,0,0,0,0,2000
0,0,38399775,9151,0,0,0,0,0,0,0,0,0,0,0,2000
0,0,39399775,9152,0,0,0,0,0,0,0,0,0,0,0,2000
0,0,39399775,9152,0,0,0,0,0,0,0,0,0,0,0,2000
0,0,39399775,9152,0,0,0,0,0,0,0,0,0,0,0,2000
0,0,39399775,9152,0,0,0,0,0,0,0,0,0,0,0,2000
0,0,39499775,9177,0,0,0,0,0,0,0,0,0,0,0,2000
0,0,39499775,9177,0,0,0,0,0,0,0,0,0,0,0,2000
0,0,39499775,9177,0,0,0,0,0,0,0,0,0,0,0,2000
0,0,39499775,9177,0,0,0,0,0,0,0,0,0,0,0,2000
0,0,39499775,9177,0,0,0,0,0,0,0,0,0,0,0,2000
0,0,39499775,9177,0,0,0,0,0,0,0,0,0,0,0,2000
0,0,39499775,9177,0,0,0,0,0,0,0,0,0,0,0,2000
0,0,39499775,9177,0,0,0,0,0,0,0,0,0,0,0,2000
0,0,39499775,9177,0,0,0,0,0,0,0,0,0,0,0,2000
0,0,39499775,9177,0,0,0,0,0,0,0,0,0,0,0,2000
0,0,39599775,9164,0,0,0,0,0,0,0,0,0,0,0,2000
0,0,39599775,9164,0,0,0,0,0,0,0,0,0,0,0,2000
0,0,39599775,9164,0,0,0,0,0,0,0,0,0,0,0,2000
0,0,39599775,9164,0,0,0,0,0,0,0,0,0,0,0,2000
0,0,39599775,9164,0,0,0,0,0,0,0,0,0,0,0,2000
0,0,39599775,9164,0,0,0,0,0,0,0,0,0,0,0,2000
0,0,39599775,9164,0,0,0,0,0,0,0,0,0,0,0,2000
0,0,39599775,9164,0,0,0,0,0,0,0,0,0,0,0,2000
0,0,40599775,9149,0,0,0,0,0,0,0,0,0,0,0,2000
0,0,40599775,9149,0,0,0,0,0,0,0,0,0,0,0,2000
0,0,40699775,9152,0,0,0,0,0,0,0,0,0,0,0,2000
0,0,40699775,9152,0,0,0,0,0,0,0,0,0,0,0,2000
0,0,40699775,9152,0,0,0,0,0,0,0,0,0,0,0,2000
0,0,40699775,9152,0,0,0,0,0,0,0,0,0,0,0,2000
0,0,40699775,9152,0,0,0,0,0,0,0,0,0,0,0,2000
0,0,40699775,9152,0,0,0,0,0,0,0,0,0,0,0,2000
0,0,40699775,9152,0,0,0,0,0,0,0,0,0,0,0,2000
0,0,40699775,9152,0,0,0,0,0,0,0,0,0,0,0,2000
0,0,40699775,9152,0,0,0,0,0,0,0,0,0,0,0,2000
0,0,40699775,9152,0,0,0,0,0,0,0,0,0,0,0,2000
0,0,40796299,9151,0,0,0,0,0,0,0,0,0,0,0,2000
0,0,40796299,9151,0,0,0,0,0,0,0,0,0,0,0,2000
0,0,40796299,9151,0,0,0,0,0,0,0,0,0,0,0,2000
0,0,40796299,9151,0,0,0,0,0,0,0,0,0,0,0,2000
0,0,40796299,9151,0,0,0,0,0,0,0,0,0,0,0,2000
0,0,41799779,9154,0,0,0,0,0,0,0,0,0,0,0,2000
0,0,41799779,9154,0,0,0,0,0,0,0,0,0,0,0,2000
0,0,41799779,9154,0,0,0,0,0,0,0,0,0,0,0,2000
0,0,41799779,9154,0,0,0,0,0,0,0,0,0,0,0,2000
0,0,41799779,9154,0,0,0,0,0,0,0,0,0,0,0,2000
0,0,41899775,9162,0,0,0,0,0,0,0,0,0,0,0,2000
0,0,41899775,9162,0,0,0,0,0,0,0,0,0,0,0,2000
0,0,41899775,9162,0,0,0,0,0,0,0,0,0,0,0,2000
0,0,41899775,9162,0,0,0,0,0,0,0,0,0,0,0,2000
0,0,41899775,9162,0,0,0,0,0,0,0,0,0,0,0,2000
0,0,41899775,9162,0,0,0,0,0,0,0,0,0,0,0,2000
0,0,41899775,9162,0,0,0,0,0,0,0,0,0,0,0,2000
0,0,41899775,9162,0,0,0,0,0,0,0,0,0,0,0,2000
0,0,41899775,9162,0,0,0,0,0,0,0,0,0,0,0,2000
0,0,41899775,9162,0,0,0,0,0,0,0,0,0,0,0,2000
0,0,40999775,9151,0,0,0,0,0,0,0,0,0,0,0,2000
0,0,40999775,9151,0,0,0,0,0,0,0,0,0,0,0,2000
0,0,40999775,9151,0,0,0,0,0,0,0,0,0,0,0,2000
0,0,40999775,9151,0,0,0,0,0,0,0,0,0,0,0,2000
0,0,40999775,9151,0,0,0,0,0,0,0,0,0,0,0,2000
0,0,40999775,9151,0,0,0,0,0,0,0,0,0,0,0,2000
0,0,40999775,9151,0,0,0,0,0,0,0,0,0,0,0,2000
0,0,41999775,9155,0,0,0,0,0,0,0,0,0,0,0,2000
0,0,41999775,9155,0,0,0,0,0,0,0,0,0,0,0,2000
0,0,41999775,9155,0,0,0,0,0,0,0,0,0,0,0,2000
0,0,42099775,9151,0,0,0,0,0,0,0,0,0,0,0,2000
0,0,42099775,9151,0,0,0,0,0,0,0,0,0,0,0,2000
0,0,42099775,9151,0,0,0,0,0,0,0,0,0,0,0,2000
0,0,42099775,9151,0,0,0,0,0,0,0,0,0,0,0,2000
0,0,42099775,9151,0,0,0,0,0,0,0,0,0,0,0,2000
0,0,42099775,9151,0,0,0,0,0,0,0,0,0,0,0,2000
0,0,42099775,9151,0,0,0,0,0,0,0,0,0,0,0,2000
0,0,42099775,9151,0,0,0,0,0,0,0,0,0,0,0,2000
0,0,42099775,9151,0,0,0,0,0,0,0,0,0,0,0,2000
0,0,42099775,9151,0,0,0,0,0,0,0,0,0,0,0,2000
0,0,42199775,9150,0,0,0,0,0,0,0,0,0,0,0,2000
0,0,42199775,9150,0,0,0,0,0,0,0,0,0,0,0,2000
0,0,42199775,9150,0,0,0,0,0,0,0,0,0,0,0,2000
0,0,42199775,9150,0,0,0,0,0,0,0,0,0,0,0,2000
0,0,42199775,9150,0,0,0,0,0,0,0,0,0,0,0,2000
0,0,42199775,9150,0,0,0,0,0,0,0,0,0,0,0,2000
0,0,42199775,9150,0,0,0,0,0,0,0,0,0,0,0,2000
0,0,42199775,9150,0,0,0,0,0,0,0,0,0,0,0,2000
0,0,42199775,9150,0,0,0,0,0,0,0,0,0,0,0,2000
0,0,43195162,9155,0,0,0,0,0,0,0,0,0,0,0,2000
0,0,43295441,9149,0,0,0,0,0,0,0,0,0,0,0,2000
0,0,43295441,9149,0,0,0,0,0,0,0,0,0,0,0,2000
0,0,43295441,9149,0,0,0,0,0,0,0,0,0,0,0,2000
0,0,43295441,9149,0,0,0,0,0,0,0,0,0,0,0,2000
0,0,43295441,9149,0,0,0,0,0,0,0,0,0,0,0,2000
0,0,43295441,9149,0,0,0,0,0,0,0,0,0,0,0,2000
0,0,43295441,9149,0,0,0,0,0,0,0,0,0,0,0,2000
0,0,43295441,9149,0,0,0,0,0,0,0,0,0,0,0,2000
0,0,43295441,9149,0,0,0,0,0,0,0,0,0,0,0,2000
0,0,43295441,9149,0,0,0,0,0,0,0,0,0,0,0,2000
0,0,43399775,9151,0,0,0,0,0,0,0,0,0,0,0,2000
